
{
  "camera_eye" : [0, 0, 0],
  "camera_up" : [0, -1, 0],
  "camera_view" : [0, 0, 1],
  "x_resolution" : 400,
  "y_resolution" : 400,
  "viewport_left" : -1.0,
  "viewport_top" : 1.0,
  "viewport_right" : 1.0,
  "viewport_bottom" : -1.0,
  "background" : [0.7, 0.7, 0.9],
  "ortho_projection" : true,
  "flat_shader" : true,
  "materials" : [
    { "name" : "red", "color" : [1.0, 0.0, 0.0], "shininess" : 4.0 },
    { "name" : "blue", "color" : [0.0, 0.0, 1.0], "shininess" : 4.0 }
  ],
  "point_lights" : [
    { "location" : [-2.0, 2.0, -1.0], "intensity" : 1.1, "color" : [1.0, 1.0, 1.0] },
    { "location" : [1.0, 0.0, -1.0], "intensity" : 0.25, "color" : [1.0, 1.0, 1.0] }
  ],
  "spheres" : [
    { "material" : "red", "center" : [-1.0, 0.0, 2.0], "radius" : 0.5},
    { "material" : "blue", "center" : [1.0, 0.0, 8.0], "radius" : 0.5}
  ]
}
