
{
  "camera_eye" : [0, 0, 0],
  "camera_up" : [0, -1, 0],
  "camera_view" : [0, 0, 1],
  "x_resolution" : 400,
  "y_resolution" : 400,
  "viewport_left" : -1.0,
  "viewport_top" : 1.0,
  "viewport_right" : 1.0,
  "viewport_bottom" : -1.0,
  "background" : [0.4, 0.4, 0.4],
  "ortho_projection" : true,
  "phong_shader" : {
    "ambient_coeff" : 0.05,
    "diffuse_coeff" : 0.5,
    "specular_coeff" : 0.25,
    "ambient_color" : [1.0, 1.0, 1.0]
  },
  "point_lights" : [
    { "location" : [-2.0, 2.0, -1.0], "intensity" : 1.1, "color" : [1.0, 1.0, 1.0] },
    { "location" : [1.0, 0.0, -1.0], "intensity" : 0.25, "color" : [1.0, 1.0, 1.0] }
  ],
  "materials" : [
    { "name" : "green", "color" : [0.2, 0.9, 0.2], "shininess" : 4.0 }
  ],
  "triangles" : [
    {
      "material" : "green",
      "a" : [-0.3, 0.3, 2.0],
      "b" : [0.3, 0.3, 2.0],
      "c" : [0.0, -0.3, 2.0]
    }
  ]
}
